{
  "accuracy": 0.92,
  "precision": 0.6875,
  "recall": 0.9166666666666666,
  "f1": 0.7857142857142857,
  "auc_roc": 0.9808201058201058,
  "confusion_matrix": [
    [
      116,
      10
    ],
    [
      2,
      22
    ]
  ],
  "classification_report": {
    "0": {
      "precision": 0.9830508474576272,
      "recall": 0.9206349206349206,
      "f1-score": 0.9508196721311475,
      "support": 126.0
    },
    "1": {
      "precision": 0.6875,
      "recall": 0.9166666666666666,
      "f1-score": 0.7857142857142857,
      "support": 24.0
    },
    "accuracy": 0.92,
    "macro avg": {
      "precision": 0.8352754237288136,
      "recall": 0.9186507936507936,
      "f1-score": 0.8682669789227166,
      "support": 150.0
    },
    "weighted avg": {
      "precision": 0.9357627118644067,
      "recall": 0.92,
      "f1-score": 0.9244028103044496,
      "support": 150.0
    }
  },
  "best_cv_f1": 0.7788579129765114,
  "best_params": {
    "n_estimators": 310,
    "max_depth": 3,
    "learning_rate": 0.1338142640553215,
    "subsample": 0.7560877093832515,
    "colsample_bytree": 0.9173937463193965,
    "min_child_weight": 1,
    "gamma": 0.3768050293462333,
    "reg_alpha": 1.5959612669502266,
    "reg_lambda": 1.1047424176898029
  },
  "decision_threshold": 0.7,
  "n_train": 700,
  "n_val": 150,
  "n_test": 150,
  "scale_pos_weight": 5.172839506172839,
  "trained_at": "2026-05-04 07:21:14",
  "training_seconds": 4.33
}